{"name":"Food Ninja","short_name":"FoodNinja","start_url":"/index.html","display":"standalone","display_override":["fullscreen","minimal-ui"],"background_color":"#FFE9D2","theme_color":"#FFE1C4","orientation":"portrait-primary","description":"A installable food app","icons":[{"src":"/img/icons/icon-72x72.png","type":"image/png","sizes":"72x72","purpose":"any"},{"src":"/img/icons/icon-72x72.png","type":"image/png","sizes":"72x72","purpose":"maskable"},{"src":"/img/icons/icon-96x96.png","type":"image/png","sizes":"96x96","purpose":"any"},{"src":"/img/icons/icon-96x96.png","type":"image/png","sizes":"96x96","purpose":"maskable"},{"src":"/img/icons/icon-128x128.png","type":"image/png","sizes":"128x128","purpose":"any"},{"src":"/img/icons/icon-128x128.png","type":"image/png","sizes":"128x128","purpose":"maskable"},{"src":"/img/icons/icon-144x144.png","type":"image/png","sizes":"144x144","purpose":"any"},{"src":"/img/icons/icon-144x144.png","type":"image/png","sizes":"144x144","purpose":"maskable"},{"src":"/img/icons/icon-152x152.png","type":"image/png","sizes":"152x152","purpose":"any"},{"src":"/img/icons/icon-152x152.png","type":"image/png","sizes":"152x152","purpose":"maskable"},{"src":"/img/icons/icon-192x192.png","type":"image/png","sizes":"192x192","purpose":"any"},{"src":"/img/icons/icon-192x192.png","type":"image/png","sizes":"192x192","purpose":"maskable"},{"src":"/img/icons/icon-384x384.png","type":"image/png","sizes":"384x384","purpose":"any"},{"src":"/img/icons/icon-384x384.png","type":"image/png","sizes":"384x384","purpose":"maskable"},{"src":"/img/icons/icon-512x512.png","type":"image/png","sizes":"512x512","purpose":"any"},{"src":"/img/icons/icon-512x512.png","type":"image/png","sizes":"512x512","purpose":"maskable"}],"screenshots":[{"src":"s/img/screenshots/1.jpg","sizes":"1080x1920","type":"image/jpg"},{"src":"s/img/screenshots/2.jpg","sizes":"1080x1920","type":"image/jpg"},{"src":"s/img/screenshots/3.jpg","sizes":"1080x1920","type":"image/jpg"},{"src":"s/img/screenshots/4.jpg","sizes":"1080x1920","type":"image/jpg"},{"src":"s/img/screenshots/5.jpg","sizes":"1080x1920","type":"image/jpg"},{"src":"s/img/screenshots/6.jpg","sizes":"1080x1920","type":"image/jpg"}],"shortcuts":[{"name":"Food Ninja","url":"/index.html","description":"Shotcut for FoodaNinja"}]}